"","sovereignt","sov_a3","admin","adm0_a3","geounit","gu_a3","subunit","su_a3","name","name_long","brk_a3","brk_name","formal_en","name_sort","iso_a3","adm0_a3_is","adm0_a3_us","continent","region_un","subregion","region_wb"
"0","Netherlands","NL1","Aruba","ABW","Aruba","ABW","Aruba","ABW","Aruba","Aruba","ABW","Aruba","Aruba","Aruba","ABW","ABW","ABW","North America","Americas","Caribbean","Latin America & Caribbean"
"1","Antigua and Barbuda","ATG","Antigua and Barbuda","ATG","Antigua","ACA","Antigua","ACA","Antigua","Antigua","ACA","Antigua",NA,"Antigua",NA,"ATG","ATG","North America","Americas","Caribbean","Latin America & Caribbean"
"2","Antigua and Barbuda","ATG","Antigua and Barbuda","ATG","Barbuda","ACB","Barbuda","ACB","Barbuda","Barbuda","ACB","Barbuda",NA,"Barbuda",NA,"ATG","ATG","North America","Americas","Caribbean","Latin America & Caribbean"
"3","Afghanistan","AFG","Afghanistan","AFG","Afghanistan","AFG","Afghanistan","AFG","Afghanistan","Afghanistan","AFG","Afghanistan","Islamic State of Afghanistan","Afghanistan","AFG","AFG","AFG","Asia","Asia","Southern Asia","South Asia"
"4","Angola","AGO","Angola","AGO","Angola","AGO","Angola","AGO","Angola","Angola","AGO","Angola","People's Republic of Angola","Angola","AGO","AGO","AGO","Africa","Africa","Middle Africa","Sub-Saharan Africa"
"5","United Kingdom","GB1","Anguilla","AIA","Anguilla","AIA","Anguilla","AIA","Anguilla","Anguilla","AIA","Anguilla",NA,"Anguilla","AIA","AIA","AIA","North America","Americas","Caribbean","Latin America & Caribbean"
"6","Albania","ALB","Albania","ALB","Albania","ALB","Albania","ALB","Albania","Albania","ALB","Albania","Republic of Albania","Albania","ALB","ALB","ALB","Europe","Europe","Southern Europe","Europe & Central Asia"
"7","Finland","FI1","Aland","ALD","Aland","ALD","Aland","ALD","Aland","Aland Islands","ALD","Aland","Åland Islands","Aland","ALA","ALA","ALD","Europe","Europe","Northern Europe","Europe & Central Asia"
"8","Andorra","AND","Andorra","AND","Andorra","AND","Andorra","AND","Andorra","Andorra","AND","Andorra","Principality of Andorra","Andorra","AND","AND","AND","Europe","Europe","Southern Europe","Europe & Central Asia"
"9","United Arab Emirates","ARE","United Arab Emirates","ARE","United Arab Emirates","ARE","United Arab Emirates","ARE","United Arab Emirates","United Arab Emirates","ARE","United Arab Emirates","United Arab Emirates","United Arab Emirates","ARE","ARE","ARE","Asia","Asia","Western Asia","Middle East & North Africa"
"10","Argentina","ARG","Argentina","ARG","Argentina","ARG","Argentina","ARG","Argentina","Argentina","ARG","Argentina","Argentine Republic","Argentina","ARG","ARG","ARG","South America","Americas","South America","Latin America & Caribbean"
"11","Armenia","ARM","Armenia","ARM","Armenia","ARM","Armenia","ARM","Armenia","Armenia","ARM","Armenia","Republic of Armenia","Armenia","ARM","ARM","ARM","Asia","Asia","Western Asia","Europe & Central Asia"
"12","United States of America","US1","American Samoa","ASM","American Samoa","ASM","American Samoa","ASM","American Samoa","American Samoa","ASM","American Samoa","American Samoa","American Samoa","ASM","ASM","ASM","Oceania","Oceania","Polynesia","East Asia & Pacific"
"13","Antarctica","ATA","Antarctica","ATA","Antarctica","ATA","Antarctica","ATA","Antarctica","Antarctica","ATA","Antarctica",NA,"Antarctica","ATA","ATA","ATA","Antarctica","Antarctica","Antarctica","Antarctica"
"14","Australia","AU1","Ashmore and Cartier Islands","ATC","Ashmore and Cartier Islands","ATC","Ashmore and Cartier Islands","ATC","Ashmore and Cartier Is.","Ashmore and Cartier Islands","ATC","Ashmore and Cartier Is.","Territory of Ashmore and Cartier Islands","Ashmore and Cartier Islands",NA,"AUS","ATC","Oceania","Oceania","Australia and New Zealand","East Asia & Pacific"
"15","France","FR1","French Southern and Antarctic Lands","ATF","French Southern and Antarctic Lands","ATF","French Southern and Antarctic Lands","ATF","Fr. S. Antarctic Lands","French Southern and Antarctic Lands","ATF","Fr. S. and Antarctic Lands","Territory of the French Southern and Antarctic Lands","French Southern and Antarctic Lands","ATF","ATF","ATF","Seven seas (open ocean)","Seven seas (open ocean)","Seven seas (open ocean)","Sub-Saharan Africa"
"16","Australia","AU1","Australia","AUS","Australia","AUS","Australia","AUS","Australia","Australia","AUS","Australia","Commonwealth of Australia","Australia","AUS","AUS","AUS","Oceania","Oceania","Australia and New Zealand","East Asia & Pacific"
"17","Austria","AUT","Austria","AUT","Austria","AUT","Austria","AUT","Austria","Austria","AUT","Austria","Republic of Austria","Austria","AUT","AUT","AUT","Europe","Europe","Western Europe","Europe & Central Asia"
"18","Azerbaijan","AZE","Azerbaijan","AZE","Azerbaijan","AZE","Azerbaijan","AZE","Azerbaijan","Azerbaijan","AZE","Azerbaijan","Republic of Azerbaijan","Azerbaijan","AZE","AZE","AZE","Asia","Asia","Western Asia","Europe & Central Asia"
"19","Belgium","BEL","Belgium","BEL","Brussels Capital Region","BCR","Brussels Capital Region","BCR","Brussels","Brussels","BCR","Brussels","Brussels Hoofdstedelijk Gewest","Brussels Capital Region",NA,"BEL","BEL","Europe","Europe","Western Europe","Europe & Central Asia"
"20","Burundi","BDI","Burundi","BDI","Burundi","BDI","Burundi","BDI","Burundi","Burundi","BDI","Burundi","Republic of Burundi","Burundi","BDI","BDI","BDI","Africa","Africa","Eastern Africa","Sub-Saharan Africa"
"21","Benin","BEN","Benin","BEN","Benin","BEN","Benin","BEN","Benin","Benin","BEN","Benin","Republic of Benin","Benin","BEN","BEN","BEN","Africa","Africa","Western Africa","Sub-Saharan Africa"
"22","Burkina Faso","BFA","Burkina Faso","BFA","Burkina Faso","BFA","Burkina Faso","BFA","Burkina Faso","Burkina Faso","BFA","Burkina Faso","Burkina Faso","Burkina Faso","BFA","BFA","BFA","Africa","Africa","Western Africa","Sub-Saharan Africa"
"23","Belgium","BEL","Belgium","BEL","Flemish Region","BFR","Flemish Region","BFR","Flemish","Flemish Region","BFR","Flemish","Vlaams Gewest","Flemish Region",NA,"BEL","BEL","Europe","Europe","Western Europe","Europe & Central Asia"
"24","Bangladesh","BGD","Bangladesh","BGD","Bangladesh","BGD","Bangladesh","BGD","Bangladesh","Bangladesh","BGD","Bangladesh","People's Republic of Bangladesh","Bangladesh","BGD","BGD","BGD","Asia","Asia","Southern Asia","South Asia"
"25","Bulgaria","BGR","Bulgaria","BGR","Bulgaria","BGR","Bulgaria","BGR","Bulgaria","Bulgaria","BGR","Bulgaria","Republic of Bulgaria","Bulgaria","BGR","BGR","BGR","Europe","Europe","Eastern Europe","Europe & Central Asia"
"26","Bosnia and Herzegovina","BIH","Bosnia and Herzegovina","BIH","Bosnia and Herzegovina","BHF","Bosnia and Herzegovina","BHF","Fed. of Bos. & Herz.","Federation of Bosnia and Herzegovina","BHF","Fed. of Bos. & Herz.",NA,"Bosnia and Herzegovina",NA,"BIH","BIH","Europe","Europe","Southern Europe","Europe & Central Asia"
"27","Bahrain","BHR","Bahrain","BHR","Bahrain","BHR","Bahrain","BHR","Bahrain","Bahrain","BHR","Bahrain","Kingdom of Bahrain","Bahrain","BHR","BHR","BHR","Asia","Asia","Western Asia","Middle East & North Africa"
"28","The Bahamas","BHS","The Bahamas","BHS","The Bahamas","BHS","The Bahamas","BHS","Bahamas","Bahamas","BHS","Bahamas","Commonwealth of the Bahamas","Bahamas, The","BHS","BHS","BHS","North America","Americas","Caribbean","Latin America & Caribbean"
"29","Bosnia and Herzegovina","BIH","Bosnia and Herzegovina","BIH","Republic Srpska","BIS","Republic Srpska","BIS","Rep. Srpska","Republic Srpska","BIS","Rep. Srpska",NA,"Republic Srpska",NA,"BIH","BIH","Europe","Europe","Southern Europe","Europe & Central Asia"
"30","France","FR1","Saint Barthelemy","BLM","Saint Barthelemy","BLM","Saint Barthelemy","BLM","St-Barthélemy","Saint-Barthélemy","BLM","St-Barthélemy","Saint-Barthélemy","St-Barthélemy","BLM","BLM","BLM","North America","Americas","Caribbean","Latin America & Caribbean"
"31","Belarus","BLR","Belarus","BLR","Belarus","BLR","Belarus","BLR","Belarus","Belarus","BLR","Belarus","Republic of Belarus","Belarus","BLR","BLR","BLR","Europe","Europe","Eastern Europe","Europe & Central Asia"
"32","Belize","BLZ","Belize","BLZ","Belize","BLZ","Belize","BLZ","Belize","Belize","BLZ","Belize","Belize","Belize","BLZ","BLZ","BLZ","North America","Americas","Central America","Latin America & Caribbean"
"33","United Kingdom","GB1","Bermuda","BMU","Bermuda","BMU","Bermuda","BMU","Bermuda","Bermuda","BMU","Bermuda","The Bermudas or Somers Isles","Bermuda","BMU","BMU","BMU","North America","Americas","Northern America","North America"
"34","Bolivia","BOL","Bolivia","BOL","Bolivia","BOL","Bolivia","BOL","Bolivia","Bolivia","BOL","Bolivia","Plurinational State of Bolivia","Bolivia","BOL","BOL","BOL","South America","Americas","South America","Latin America & Caribbean"
"35","Brazil","BRA","Brazil","BRA","Brazil","BRA","Brazil","BRA","Brazil","Brazil","BRA","Brazil","Federative Republic of Brazil","Brazil","BRA","BRA","BRA","South America","Americas","South America","Latin America & Caribbean"
"36","Barbados","BRB","Barbados","BRB","Barbados","BRB","Barbados","BRB","Barbados","Barbados","BRB","Barbados","Barbados","Barbados","BRB","BRB","BRB","North America","Americas","Caribbean","Latin America & Caribbean"
"37","Brunei","BRN","Brunei","BRN","Brunei","BRN","Brunei","BRN","Brunei","Brunei Darussalam","BRN","Brunei","Negara Brunei Darussalam","Brunei","BRN","BRN","BRN","Asia","Asia","South-Eastern Asia","East Asia & Pacific"
"38","Bhutan","BTN","Bhutan","BTN","Bhutan","BTN","Bhutan","BTN","Bhutan","Bhutan","BTN","Bhutan","Kingdom of Bhutan","Bhutan","BTN","BTN","BTN","Asia","Asia","Southern Asia","South Asia"
"39","Botswana","BWA","Botswana","BWA","Botswana","BWA","Botswana","BWA","Botswana","Botswana","BWA","Botswana","Republic of Botswana","Botswana","BWA","BWA","BWA","Africa","Africa","Southern Africa","Sub-Saharan Africa"
"40","Belgium","BEL","Belgium","BEL","Walloon Region","BWR","Walloon Region","BWR","Walloon","Walloon Region","BWR","Walloon","Waals Gewest","Walloon Region",NA,"BEL","BEL","Europe","Europe","Western Europe","Europe & Central Asia"
"41","Central African Republic","CAF","Central African Republic","CAF","Central African Republic","CAF","Central African Republic","CAF","Central African Rep.","Central African Republic","CAF","Central African Rep.","Central African Republic","Central African Republic","CAF","CAF","CAF","Africa","Africa","Middle Africa","Sub-Saharan Africa"
"42","Canada","CAN","Canada","CAN","Canada","CAN","Canada","CAN","Canada","Canada","CAN","Canada","Canada","Canada","CAN","CAN","CAN","North America","Americas","Northern America","North America"
"43","Australia","AU1","Indian Ocean Territories","IOA","Cocos (Keeling) Islands","CCK","Cocos (Keeling) Islands","CCK","Cocos Is.","Cocos Islands","CCK","Cocos Is.","Territory of Cocos (Keeling) Islands","Cocos (Keeling) Islands","CCK","CCK","IOA","Asia","Asia","South-Eastern Asia","East Asia & Pacific"
"44","Switzerland","CHE","Switzerland","CHE","Switzerland","CHE","Switzerland","CHE","Switzerland","Switzerland","CHE","Switzerland","Swiss Confederation","Switzerland","CHE","CHE","CHE","Europe","Europe","Western Europe","Europe & Central Asia"
"45","Chile","CHL","Chile","CHL","Chile","CHL","Chile","CHL","Chile","Chile","CHL","Chile","Republic of Chile","Chile","CHL","CHL","CHL","South America","Americas","South America","Latin America & Caribbean"
"46","China","CH1","China","CHN","China","CHN","China","CHN","China","China","CHN","China","People's Republic of China","China","CHN","CHN","CHN","Asia","Asia","Eastern Asia","East Asia & Pacific"
"47","Ivory Coast","CIV","Ivory Coast","CIV","Ivory Coast","CIV","Ivory Coast","CIV","Côte d'Ivoire","Côte d'Ivoire","CIV","Côte d'Ivoire","Republic of Ivory Coast","Côte d'Ivoire","CIV","CIV","CIV","Africa","Africa","Western Africa","Sub-Saharan Africa"
"48","Cameroon","CMR","Cameroon","CMR","Cameroon","CMR","Cameroon","CMR","Cameroon","Cameroon","CMR","Cameroon","Republic of Cameroon","Cameroon","CMR","CMR","CMR","Africa","Africa","Middle Africa","Sub-Saharan Africa"
"49","Democratic Republic of the Congo","COD","Democratic Republic of the Congo","COD","Democratic Republic of the Congo","COD","Democratic Republic of the Congo","COD","Dem. Rep. Congo","Democratic Republic of the Congo","COD","Democratic Republic of the Congo","Democratic Republic of the Congo","Congo, Dem. Rep.","COD","COD","COD","Africa","Africa","Middle Africa","Sub-Saharan Africa"
"50","Republic of Congo","COG","Republic of Congo","COG","Republic of Congo","COG","Republic of Congo","COG","Congo","Republic of Congo","COG","Republic of Congo","Republic of Congo","Congo, Rep.","COG","COG","COG","Africa","Africa","Middle Africa","Sub-Saharan Africa"
"51","New Zealand","NZ1","Cook Islands","COK","Cook Islands","COK","Cook Islands","COK","Cook Is.","Cook Islands","COK","Cook Is.",NA,"Cook Islands","COK","COK","COK","Oceania","Oceania","Polynesia","East Asia & Pacific"
"52","Colombia","COL","Colombia","COL","Colombia","COL","Colombia","COL","Colombia","Colombia","COL","Colombia","Republic of Colombia","Colombia","COL","COL","COL","South America","Americas","South America","Latin America & Caribbean"
"53","Comoros","COM","Comoros","COM","Comoros","COM","Comoros","COM","Comoros","Comoros","COM","Comoros","Union of the Comoros","Comoros","COM","COM","COM","Africa","Africa","Eastern Africa","Sub-Saharan Africa"
"54","Cape Verde","CPV","Cape Verde","CPV","Cape Verde","CPV","Cape Verde","CPV","Cape Verde","Cape Verde","CPV","Cape Verde","Republic of Cape Verde","Cape Verde","CPV","CPV","CPV","Africa","Africa","Western Africa","Sub-Saharan Africa"
"55","Costa Rica","CRI","Costa Rica","CRI","Costa Rica","CRI","Costa Rica","CRI","Costa Rica","Costa Rica","CRI","Costa Rica","Republic of Costa Rica","Costa Rica","CRI","CRI","CRI","North America","Americas","Central America","Latin America & Caribbean"
"56","Cuba","CUB","Cuba","CUB","Cuba","CUB","Cuba","CUB","Cuba","Cuba","CUB","Cuba","Republic of Cuba","Cuba","CUB","CUB","CUB","North America","Americas","Caribbean","Latin America & Caribbean"
"57","Netherlands","NL1","Curaçao","CUW","Curaçao","CUW","Curaçao","CUW","Curaçao","Curaçao","CUW","Curaçao","Curaçao","Curaçao","CUW","CUW","CUW","North America","Americas","Caribbean","Latin America & Caribbean"
"58","Australia","AU1","Indian Ocean Territories","IOA","Christmas Island","CXR","Christmas Island","CXR","Christmas I.","Christmas Island","CXR","Christmas I.","Territory of Christmas Island","Christmas Island","CXR","CXR","IOA","Asia","Asia","South-Eastern Asia","East Asia & Pacific"
"59","United Kingdom","GB1","Cayman Islands","CYM","Cayman Islands","CYM","Cayman Islands","CYM","Cayman Is.","Cayman Islands","CYM","Cayman Is.","Cayman Islands","Cayman Islands","CYM","CYM","CYM","North America","Americas","Caribbean","Latin America & Caribbean"
"60","Northern Cyprus","CYN","Northern Cyprus","CYN","Northern Cyprus","CYN","Northern Cyprus","CYN","N. Cyprus","Northern Cyprus","B20","N. Cyprus","Turkish Republic of Northern Cyprus","Cyprus, Northern",NA,"CYP","CYP","Asia","Asia","Western Asia","Europe & Central Asia"
"61","Cyprus","CYP","Cyprus","CYP","Cyprus","CYP","Cyprus","CYP","Cyprus","Cyprus","CYP","Cyprus","Republic of Cyprus","Cyprus","CYP","CYP","CYP","Asia","Asia","Western Asia","Europe & Central Asia"
"62","Czech Republic","CZE","Czech Republic","CZE","Czech Republic","CZE","Czech Republic","CZE","Czech Rep.","Czech Republic","CZE","Czech Rep.","Czech Republic","Czech Republic","CZE","CZE","CZE","Europe","Europe","Eastern Europe","Europe & Central Asia"
"63","Germany","DEU","Germany","DEU","Germany","DEU","Germany","DEU","Germany","Germany","DEU","Germany","Federal Republic of Germany","Germany","DEU","DEU","DEU","Europe","Europe","Western Europe","Europe & Central Asia"
"64","Djibouti","DJI","Djibouti","DJI","Djibouti","DJI","Djibouti","DJI","Djibouti","Djibouti","DJI","Djibouti","Republic of Djibouti","Djibouti","DJI","DJI","DJI","Africa","Africa","Eastern Africa","Middle East & North Africa"
"65","Dominica","DMA","Dominica","DMA","Dominica","DMA","Dominica","DMA","Dominica","Dominica","DMA","Dominica","Commonwealth of Dominica","Dominica","DMA","DMA","DMA","North America","Americas","Caribbean","Latin America & Caribbean"
"66","Denmark","DN1","Denmark","DNK","Denmark","DNK","Denmark","DNK","Denmark","Denmark","DNK","Denmark","Kingdom of Denmark","Denmark","DNK","DNK","DNK","Europe","Europe","Northern Europe","Europe & Central Asia"
"67","Dominican Republic","DOM","Dominican Republic","DOM","Dominican Republic","DOM","Dominican Republic","DOM","Dominican Rep.","Dominican Republic","DOM","Dominican Rep.","Dominican Republic","Dominican Republic","DOM","DOM","DOM","North America","Americas","Caribbean","Latin America & Caribbean"
"68","Algeria","DZA","Algeria","DZA","Algeria","DZA","Algeria","DZA","Algeria","Algeria","DZA","Algeria","People's Democratic Republic of Algeria","Algeria","DZA","DZA","DZA","Africa","Africa","Northern Africa","Middle East & North Africa"
"69","Ecuador","ECU","Ecuador","ECU","Ecuador","ECU","Ecuador","ECU","Ecuador","Ecuador","ECU","Ecuador","Republic of Ecuador","Ecuador","ECU","ECU","ECU","South America","Americas","South America","Latin America & Caribbean"
"70","Egypt","EGY","Egypt","EGY","Egypt","EGY","Egypt","EGY","Egypt","Egypt","EGY","Egypt","Arab Republic of Egypt","Egypt, Arab Rep.","EGY","EGY","EGY","Africa","Africa","Northern Africa","Middle East & North Africa"
"71","United Kingdom","GB1","United Kingdom","GBR","England","ENG","England","ENG","England","England","ENG","England",NA,"England",NA,NA,"GBR","Europe","Europe","Northern Europe","Europe & Central Asia"
"72","Eritrea","ERI","Eritrea","ERI","Eritrea","ERI","Eritrea","ERI","Eritrea","Eritrea","ERI","Eritrea","State of Eritrea","Eritrea","ERI","ERI","ERI","Africa","Africa","Eastern Africa","Sub-Saharan Africa"
"73","Spain","ESP","Spain","ESP","Spain","ESP","Spain","ESP","Spain","Spain","ESP","Spain","Kingdom of Spain","Spain","ESP","ESP","ESP","Europe","Europe","Southern Europe","Europe & Central Asia"
"74","Estonia","EST","Estonia","EST","Estonia","EST","Estonia","EST","Estonia","Estonia","EST","Estonia","Republic of Estonia","Estonia","EST","EST","EST","Europe","Europe","Northern Europe","Europe & Central Asia"
"75","Ethiopia","ETH","Ethiopia","ETH","Ethiopia","ETH","Ethiopia","ETH","Ethiopia","Ethiopia","ETH","Ethiopia","Federal Democratic Republic of Ethiopia","Ethiopia","ETH","ETH","ETH","Africa","Africa","Eastern Africa","Sub-Saharan Africa"
"76","Finland","FI1","Finland","FIN","Finland","FIN","Finland","FIN","Finland","Finland","FIN","Finland","Republic of Finland","Finland","FIN","FIN","FIN","Europe","Europe","Northern Europe","Europe & Central Asia"
"77","Fiji","FJI","Fiji","FJI","Fiji","FJI","Fiji","FJI","Fiji","Fiji","FJI","Fiji","Republic of Fiji","Fiji","FJI","FJI","FJI","Oceania","Oceania","Melanesia","East Asia & Pacific"
"78","United Kingdom","GB1","Falkland Islands","FLK","Falkland Islands","FLK","Falkland Islands","FLK","Falkland Is.","Falkland Islands","B12","Falkland Is.","Falkland Islands","Falkland Islands","FLK","FLK","FLK","South America","Americas","South America","Latin America & Caribbean"
"79","Denmark","DN1","Faroe Islands","FRO","Faroe Islands","FRO","Faroe Islands","FRO","Faeroe Is.","Faeroe Islands","FRO","Faeroe Islands","Føroyar Is. (Faeroe Is.)","Faeroe Islands","FRO","FRO","FRO","Europe","Europe","Northern Europe","Europe & Central Asia"
"80","Federated States of Micronesia","FSM","Federated States of Micronesia","FSM","Federated States of Micronesia","FSM","Federated States of Micronesia","FSM","Micronesia","Federated States of Micronesia","FSM","Micronesia","Federated States of Micronesia","Micronesia, Federated States of","FSM","FSM","FSM","Oceania","Oceania","Micronesia","East Asia & Pacific"
"81","France","FR1","France","FRA","France","FXX","France","FXX","France","France","FXX","France","Metropolitan France","France, Metropolitan",NA,"FRA","FRA","Europe","Europe","Western Europe","Europe & Central Asia"
"82","Gabon","GAB","Gabon","GAB","Gabon","GAB","Gabon","GAB","Gabon","Gabon","GAB","Gabon","Gabonese Republic","Gabon","GAB","GAB","GAB","Africa","Africa","Middle Africa","Sub-Saharan Africa"
"83","Israel","ISR","Palestine","PSX","Gaza","GAZ","Gaza","GAZ","Gaza","Gaza","B53","Gaza","Gaza Strip","Gaza Strip",NA,"PSE","PSX","Asia","Asia","Western Asia","Middle East & North Africa"
"84","Georgia","GEO","Georgia","GEO","Georgia","GEG","Georgia","GEG","Georgia","Georgia","GEG","Georgia",NA,"Georgia",NA,"GEO","GEO","Asia","Asia","Western Asia","Europe & Central Asia"
"85","United Kingdom","GB1","Guernsey","GGY","Guernsey","GGY","Guernsey","GGY","Guernsey","Guernsey","GGY","Guernsey","Bailiwick of Guernsey","Guernsey","GGY","GGY","GGY","Europe","Europe","Northern Europe","Europe & Central Asia"
"86","Ghana","GHA","Ghana","GHA","Ghana","GHA","Ghana","GHA","Ghana","Ghana","GHA","Ghana","Republic of Ghana","Ghana","GHA","GHA","GHA","Africa","Africa","Western Africa","Sub-Saharan Africa"
"87","Guinea","GIN","Guinea","GIN","Guinea","GIN","Guinea","GIN","Guinea","Guinea","GIN","Guinea","Republic of Guinea","Guinea","GIN","GIN","GIN","Africa","Africa","Western Africa","Sub-Saharan Africa"
"88","France","FR1","France","FRA","Guadeloupe","GLP","Guadeloupe","GLP","Guadeloupe","Guadeloupe","GLP","Guadeloupe","Department of Guadeloupe","Guadeloupe","GLP","GLP","FRA","North America","Americas","Caribbean","Latin America & Caribbean"
"89","Gambia","GMB","Gambia","GMB","Gambia","GMB","Gambia","GMB","Gambia","The Gambia","GMB","Gambia","Republic of the Gambia","Gambia, The","GMB","GMB","GMB","Africa","Africa","Western Africa","Sub-Saharan Africa"
"90","Guinea Bissau","GNB","Guinea Bissau","GNB","Guinea Bissau","GNB","Guinea Bissau","GNB","Guinea-Bissau","Guinea-Bissau","GNB","Guinea-Bissau","Republic of Guinea-Bissau","Guinea-Bissau","GNB","GNB","GNB","Africa","Africa","Western Africa","Sub-Saharan Africa"
"91","Equatorial Guinea","GNQ","Equatorial Guinea","GNQ","Equatorial Guinea","GNQ","Equatorial Guinea","GNQ","Eq. Guinea","Equatorial Guinea","GNQ","Eq. Guinea","Republic of Equatorial Guinea","Equatorial Guinea","GNQ","GNQ","GNQ","Africa","Africa","Middle Africa","Sub-Saharan Africa"
"92","Greece","GRC","Greece","GRC","Greece","GRC","Greece","GRC","Greece","Greece","GRC","Greece","Hellenic Republic","Greece","GRC","GRC","GRC","Europe","Europe","Southern Europe","Europe & Central Asia"
"93","Grenada","GRD","Grenada","GRD","Grenada","GRD","Grenada","GRD","Grenada","Grenada","GRD","Grenada","Grenada","Grenada","GRD","GRD","GRD","North America","Americas","Caribbean","Latin America & Caribbean"
"94","Denmark","DN1","Greenland","GRL","Greenland","GRL","Greenland","GRL","Greenland","Greenland","GRL","Greenland","Greenland","Greenland","GRL","GRL","GRL","North America","Americas","Northern America","Europe & Central Asia"
"95","Guatemala","GTM","Guatemala","GTM","Guatemala","GTM","Guatemala","GTM","Guatemala","Guatemala","GTM","Guatemala","Republic of Guatemala","Guatemala","GTM","GTM","GTM","North America","Americas","Central America","Latin America & Caribbean"
"96","France","FR1","France","FRA","French Guiana","GUF","French Guiana","GUF","French Guiana","French Guiana","GUF","French Guiana","Department of Guiana","French Guiana","GUF","GUF","FRA","South America","Americas","South America","Latin America & Caribbean"
"97","United States of America","US1","Guam","GUM","Guam","GUM","Guam","GUM","Guam","Guam","GUM","Guam","Territory of Guam","Guam","GUM","GUM","GUM","Oceania","Oceania","Micronesia","East Asia & Pacific"
"98","Guyana","GUY","Guyana","GUY","Guyana","GUY","Guyana","GUY","Guyana","Guyana","GUY","Guyana","Co-operative Republic of Guyana","Guyana","GUY","GUY","GUY","South America","Americas","South America","Latin America & Caribbean"
"99","China","CH1","Hong Kong S.A.R.","HKG","Hong Kong S.A.R.","HKG","Hong Kong S.A.R.","HKG","Hong Kong","Hong Kong","HKG","Hong Kong","Hong Kong Special Administrative Region, PRC","Hong Kong SAR, China","HKG","HKG","HKG","Asia","Asia","Eastern Asia","East Asia & Pacific"
"100","Australia","AU1","Heard Island and McDonald Islands","HMD","Heard Island and McDonald Islands","HMD","Heard Island and McDonald Islands","HMD","Heard I. and McDonald Is.","Heard I. and McDonald Islands","HMD","Heard I. and McDonald Is.","Territory of Heard Island and McDonald Islands","Heard Island and McDonald Islands","HMD","HMD","HMD","Seven seas (open ocean)","Seven seas (open ocean)","Seven seas (open ocean)","Sub-Saharan Africa"
"101","Honduras","HND","Honduras","HND","Honduras","HND","Honduras","HND","Honduras","Honduras","HND","Honduras","Republic of Honduras","Honduras","HND","HND","HND","North America","Americas","Central America","Latin America & Caribbean"
"102","Croatia","HRV","Croatia","HRV","Croatia","HRV","Croatia","HRV","Croatia","Croatia","HRV","Croatia","Republic of Croatia","Croatia","HRV","HRV","HRV","Europe","Europe","Southern Europe","Europe & Central Asia"
"103","Haiti","HTI","Haiti","HTI","Haiti","HTI","Haiti","HTI","Haiti","Haiti","HTI","Haiti","Republic of Haiti","Haiti","HTI","HTI","HTI","North America","Americas","Caribbean","Latin America & Caribbean"
"104","Hungary","HUN","Hungary","HUN","Hungary","HUN","Hungary","HUN","Hungary","Hungary","HUN","Hungary","Republic of Hungary","Hungary","HUN","HUN","HUN","Europe","Europe","Eastern Europe","Europe & Central Asia"
"105","Indonesia","IDN","Indonesia","IDN","Indonesia","IDN","Indonesia","IDN","Indonesia","Indonesia","IDN","Indonesia","Republic of Indonesia","Indonesia","IDN","IDN","IDN","Asia","Asia","South-Eastern Asia","East Asia & Pacific"
"106","United Kingdom","GB1","Isle of Man","IMN","Isle of Man","IMN","Isle of Man","IMN","Isle of Man","Isle of Man","IMN","Isle of Man",NA,"Isle of Man","IMN","IMN","IMN","Europe","Europe","Northern Europe","Europe & Central Asia"
"107","India","IND","India","IND","India","IND","India","IND","India","India","IND","India","Republic of India","India","IND","IND","IND","Asia","Asia","Southern Asia","South Asia"
"108","United Kingdom","GB1","British Indian Ocean Territory","IOT","British Indian Ocean Territory","IOT","British Indian Ocean Territory","IOT","Br. Indian Ocean Ter.","British Indian Ocean Territory","B69","Br. Indian Ocean Ter.",NA,"British Indian Ocean Territory","IOT","IOT","IOT","Seven seas (open ocean)","Seven seas (open ocean)","Seven seas (open ocean)","Sub-Saharan Africa"
"109","Ireland","IRL","Ireland","IRL","Ireland","IRL","Ireland","IRL","Ireland","Ireland","IRL","Ireland","Ireland","Ireland","IRL","IRL","IRL","Europe","Europe","Northern Europe","Europe & Central Asia"
"110","Iran","IRN","Iran","IRN","Iran","IRN","Iran","IRN","Iran","Iran","IRN","Iran","Islamic Republic of Iran","Iran, Islamic Rep.","IRN","IRN","IRN","Asia","Asia","Southern Asia","Middle East & North Africa"
"111","Iraq","IRQ","Iraq","IRQ","Iraq","IRQ","Iraq","IRQ","Iraq","Iraq","IRQ","Iraq","Republic of Iraq","Iraq","IRQ","IRQ","IRQ","Asia","Asia","Western Asia","Middle East & North Africa"
"112","Iceland","ISL","Iceland","ISL","Iceland","ISL","Iceland","ISL","Iceland","Iceland","ISL","Iceland","Republic of Iceland","Iceland","ISL","ISL","ISL","Europe","Europe","Northern Europe","Europe & Central Asia"
"113","Israel","ISR","Israel","ISR","Israel","ISR","Israel","ISR","Israel","Israel","ISR","Israel","State of Israel","Israel","ISR","ISR","ISR","Asia","Asia","Western Asia","Middle East & North Africa"
"114","Italy","ITA","Italy","ITA","Italy","ITA","Italy","ITA","Italy","Italy","ITA","Italy","Italian Republic","Italy","ITA","ITA","ITA","Europe","Europe","Southern Europe","Europe & Central Asia"
"115","Jamaica","JAM","Jamaica","JAM","Jamaica","JAM","Jamaica","JAM","Jamaica","Jamaica","JAM","Jamaica","Jamaica","Jamaica","JAM","JAM","JAM","North America","Americas","Caribbean","Latin America & Caribbean"
"116","United Kingdom","GB1","Jersey","JEY","Jersey","JEY","Jersey","JEY","Jersey","Jersey","JEY","Jersey","Bailiwick of Jersey","Jersey","JEY","JEY","JEY","Europe","Europe","Northern Europe","Europe & Central Asia"
"117","Jordan","JOR","Jordan","JOR","Jordan","JOR","Jordan","JOR","Jordan","Jordan","JOR","Jordan","Hashemite Kingdom of Jordan","Jordan","JOR","JOR","JOR","Asia","Asia","Western Asia","Middle East & North Africa"
"118","Japan","JPN","Japan","JPN","Japan","JPN","Japan","JPN","Japan","Japan","JPN","Japan","Japan","Japan","JPN","JPN","JPN","Asia","Asia","Eastern Asia","East Asia & Pacific"
"119","Kashmir","KAS","Siachen Glacier","KAS","Siachen Glacier","KAS","Siachen Glacier","KAS","Siachen Glacier","Siachen Glacier","B45","Siachen Glacier",NA,"Kashmir",NA,NA,"KAS","Asia","Asia","Southern Asia","South Asia"
"120","Kazakhstan","KAZ","Kazakhstan","KAZ","Kazakhstan","KAZ","Kazakhstan","KAZ","Kazakhstan","Kazakhstan","KAZ","Kazakhstan","Republic of Kazakhstan","Kazakhstan","KAZ","KAZ","KAZ","Asia","Asia","Central Asia","Europe & Central Asia"
"121","Kenya","KEN","Kenya","KEN","Kenya","KEN","Kenya","KEN","Kenya","Kenya","KEN","Kenya","Republic of Kenya","Kenya","KEN","KEN","KEN","Africa","Africa","Eastern Africa","Sub-Saharan Africa"
"122","Kyrgyzstan","KGZ","Kyrgyzstan","KGZ","Kyrgyzstan","KGZ","Kyrgyzstan","KGZ","Kyrgyzstan","Kyrgyzstan","KGZ","Kyrgyzstan","Kyrgyz Republic","Kyrgyz Republic","KGZ","KGZ","KGZ","Asia","Asia","Central Asia","Europe & Central Asia"
"123","Cambodia","KHM","Cambodia","KHM","Cambodia","KHM","Cambodia","KHM","Cambodia","Cambodia","KHM","Cambodia","Kingdom of Cambodia","Cambodia","KHM","KHM","KHM","Asia","Asia","South-Eastern Asia","East Asia & Pacific"
"124","Kiribati","KIR","Kiribati","KIR","Kiribati","KIR","Kiribati","KIR","Kiribati","Kiribati","KIR","Kiribati","Republic of Kiribati","Kiribati","KIR","KIR","KIR","Oceania","Oceania","Micronesia","East Asia & Pacific"
"125","Saint Kitts and Nevis","KNA","Saint Kitts and Nevis","KNA","Saint Kitts and Nevis","KNA","Saint Kitts and Nevis","KNA","St. Kitts and Nevis","Saint Kitts and Nevis","KNA","Saint Kitts and Nevis","Federation of Saint Kitts and Nevis","St. Kitts and Nevis","KNA","KNA","KNA","North America","Americas","Caribbean","Latin America & Caribbean"
"126","South Korea","KOR","South Korea","KOR","South Korea","KOR","South Korea","KOR","Korea","Republic of Korea","KOR","Republic of Korea","Republic of Korea","Korea, Rep.","KOR","KOR","KOR","Asia","Asia","Eastern Asia","East Asia & Pacific"
"127","Kosovo","KOS","Kosovo","KOS","Kosovo","KOS","Kosovo","KOS","Kosovo","Kosovo","B57","Kosovo","Republic of Kosovo","Kosovo",NA,"SRB","KOS","Europe","Europe","Southern Europe","Europe & Central Asia"
"128","Kuwait","KWT","Kuwait","KWT","Kuwait","KWT","Kuwait","KWT","Kuwait","Kuwait","KWT","Kuwait","State of Kuwait","Kuwait","KWT","KWT","KWT","Asia","Asia","Western Asia","Middle East & North Africa"
"129","Laos","LAO","Laos","LAO","Laos","LAO","Laos","LAO","Lao PDR","Lao PDR","LAO","Laos","Lao People's Democratic Republic","Lao PDR","LAO","LAO","LAO","Asia","Asia","South-Eastern Asia","East Asia & Pacific"
"130","Lebanon","LBN","Lebanon","LBN","Lebanon","LBN","Lebanon","LBN","Lebanon","Lebanon","LBN","Lebanon","Lebanese Republic","Lebanon","LBN","LBN","LBN","Asia","Asia","Western Asia","Middle East & North Africa"
"131","Liberia","LBR","Liberia","LBR","Liberia","LBR","Liberia","LBR","Liberia","Liberia","LBR","Liberia","Republic of Liberia","Liberia","LBR","LBR","LBR","Africa","Africa","Western Africa","Sub-Saharan Africa"
"132","Libya","LBY","Libya","LBY","Libya","LBY","Libya","LBY","Libya","Libya","LBY","Libya","Libya","Libya","LBY","LBY","LBY","Africa","Africa","Northern Africa","Middle East & North Africa"
"133","Saint Lucia","LCA","Saint Lucia","LCA","Saint Lucia","LCA","Saint Lucia","LCA","Saint Lucia","Saint Lucia","LCA","Saint Lucia","Saint Lucia","St. Lucia","LCA","LCA","LCA","North America","Americas","Caribbean","Latin America & Caribbean"
"134","Liechtenstein","LIE","Liechtenstein","LIE","Liechtenstein","LIE","Liechtenstein","LIE","Liechtenstein","Liechtenstein","LIE","Liechtenstein","Principality of Liechtenstein","Liechtenstein","LIE","LIE","LIE","Europe","Europe","Western Europe","Europe & Central Asia"
"135","Sri Lanka","LKA","Sri Lanka","LKA","Sri Lanka","LKA","Sri Lanka","LKA","Sri Lanka","Sri Lanka","LKA","Sri Lanka","Democratic Socialist Republic of Sri Lanka","Sri Lanka","LKA","LKA","LKA","Asia","Asia","Southern Asia","South Asia"
"136","Lesotho","LSO","Lesotho","LSO","Lesotho","LSO","Lesotho","LSO","Lesotho","Lesotho","LSO","Lesotho","Kingdom of Lesotho","Lesotho","LSO","LSO","LSO","Africa","Africa","Southern Africa","Sub-Saharan Africa"
"137","Lithuania","LTU","Lithuania","LTU","Lithuania","LTU","Lithuania","LTU","Lithuania","Lithuania","LTU","Lithuania","Republic of Lithuania","Lithuania","LTU","LTU","LTU","Europe","Europe","Northern Europe","Europe & Central Asia"
"138","Luxembourg","LUX","Luxembourg","LUX","Luxembourg","LUX","Luxembourg","LUX","Luxembourg","Luxembourg","LUX","Luxembourg","Grand Duchy of Luxembourg","Luxembourg","LUX","LUX","LUX","Europe","Europe","Western Europe","Europe & Central Asia"
"139","Latvia","LVA","Latvia","LVA","Latvia","LVA","Latvia","LVA","Latvia","Latvia","LVA","Latvia","Republic of Latvia","Latvia","LVA","LVA","LVA","Europe","Europe","Northern Europe","Europe & Central Asia"
"140","China","CH1","Macao S.A.R","MAC","Macao S.A.R","MAC","Macao S.A.R","MAC","Macao","Macao","MAC","Macao","Macao Special Administrative Region, PRC","Macao SAR, China","MAC","MAC","MAC","Asia","Asia","Eastern Asia","East Asia & Pacific"
"141","France","FR1","Saint Martin","MAF","Saint Martin","MAF","Saint Martin","MAF","St-Martin","Saint-Martin","MAF","Saint-Martin","Saint-Martin (French part)","St. Martin (French part)","MAF","MAF","MAF","North America","Americas","Caribbean","Latin America & Caribbean"
"142","Morocco","MAR","Morocco","MAR","Morocco","MAR","Morocco","MAR","Morocco","Morocco","MAR","Morocco","Kingdom of Morocco","Morocco","MAR","MAR","MAR","Africa","Africa","Northern Africa","Middle East & North Africa"
"143","Monaco","MCO","Monaco","MCO","Monaco","MCO","Monaco","MCO","Monaco","Monaco","MCO","Monaco","Principality of Monaco","Monaco","MCO","MCO","MCO","Europe","Europe","Western Europe","Europe & Central Asia"
"144","Moldova","MDA","Moldova","MDA","Moldova","MDA","Moldova","MDA","Moldova","Moldova","MDA","Moldova","Republic of Moldova","Moldova","MDA","MDA","MDA","Europe","Europe","Eastern Europe","Europe & Central Asia"
"145","Madagascar","MDG","Madagascar","MDG","Madagascar","MDG","Madagascar","MDG","Madagascar","Madagascar","MDG","Madagascar","Republic of Madagascar","Madagascar","MDG","MDG","MDG","Africa","Africa","Eastern Africa","Sub-Saharan Africa"
"146","Maldives","MDV","Maldives","MDV","Maldives","MDV","Maldives","MDV","Maldives","Maldives","MDV","Maldives","Republic of Maldives","Maldives","MDV","MDV","B13","Seven seas (open ocean)","Asia","Southern Asia","South Asia"
"147","Mexico","MEX","Mexico","MEX","Mexico","MEX","Mexico","MEX","Mexico","Mexico","MEX","Mexico","United Mexican States","Mexico","MEX","MEX","MEX","North America","Americas","Central America","Latin America & Caribbean"
"148","Marshall Islands","MHL","Marshall Islands","MHL","Marshall Islands","MHL","Marshall Islands","MHL","Marshall Is.","Marshall Islands","MHL","Marshall Is.","Republic of the Marshall Islands","Marshall Islands","MHL","MHL","MHL","Oceania","Oceania","Micronesia","East Asia & Pacific"
"149","Macedonia","MKD","Macedonia","MKD","Macedonia","MKD","Macedonia","MKD","Macedonia","Macedonia","MKD","Macedonia","Former Yugoslav Republic of Macedonia","Macedonia, FYR","MKD","MKD","MKD","Europe","Europe","Southern Europe","Europe & Central Asia"
"150","Mali","MLI","Mali","MLI","Mali","MLI","Mali","MLI","Mali","Mali","MLI","Mali","Republic of Mali","Mali","MLI","MLI","MLI","Africa","Africa","Western Africa","Sub-Saharan Africa"
"151","Malta","MLT","Malta","MLT","Malta","MLT","Malta","MLT","Malta","Malta","MLT","Malta","Republic of Malta","Malta","MLT","MLT","MLT","Europe","Europe","Southern Europe","Middle East & North Africa"
"152","Myanmar","MMR","Myanmar","MMR","Myanmar","MMR","Myanmar","MMR","Myanmar","Myanmar","MMR","Myanmar","Republic of the Union of Myanmar","Myanmar","MMR","MMR","MMR","Asia","Asia","South-Eastern Asia","East Asia & Pacific"
"153","Montenegro","MNE","Montenegro","MNE","Montenegro","MNE","Montenegro","MNE","Montenegro","Montenegro","MNE","Montenegro","Montenegro","Montenegro","MNE","MNE","MNE","Europe","Europe","Southern Europe","Europe & Central Asia"
"154","Mongolia","MNG","Mongolia","MNG","Mongolia","MNG","Mongolia","MNG","Mongolia","Mongolia","MNG","Mongolia","Mongolia","Mongolia","MNG","MNG","MNG","Asia","Asia","Eastern Asia","East Asia & Pacific"
"155","United States of America","US1","Northern Mariana Islands","MNP","Northern Mariana Islands","MNP","Northern Mariana Islands","MNP","N. Mariana Is.","Northern Mariana Islands","MNP","N. Mariana Is.","Commonwealth of the Northern Mariana Islands","Northern Mariana Islands","MNP","MNP","MNP","Oceania","Oceania","Micronesia","East Asia & Pacific"
"156","Mozambique","MOZ","Mozambique","MOZ","Mozambique","MOZ","Mozambique","MOZ","Mozambique","Mozambique","MOZ","Mozambique","Republic of Mozambique","Mozambique","MOZ","MOZ","MOZ","Africa","Africa","Eastern Africa","Sub-Saharan Africa"
"157","Mauritania","MRT","Mauritania","MRT","Mauritania","MRT","Mauritania","MRT","Mauritania","Mauritania","MRT","Mauritania","Islamic Republic of Mauritania","Mauritania","MRT","MRT","MRT","Africa","Africa","Western Africa","Sub-Saharan Africa"
"158","United Kingdom","GB1","Montserrat","MSR","Montserrat","MSR","Montserrat","MSR","Montserrat","Montserrat","MSR","Montserrat",NA,"Montserrat","MSR","MSR","MSR","North America","Americas","Caribbean","Latin America & Caribbean"
"159","France","FR1","France","FRA","Martinique","MTQ","Martinique","MTQ","Martinique","Martinique","MTQ","Martinique","Department of Martinique","Martinique","MTQ","MTQ","FRA","North America","Americas","Caribbean","Latin America & Caribbean"
"160","Mauritius","MUS","Mauritius","MUS","Mauritius","MUS","Mauritius","MUS","Mauritius","Mauritius","MUS","Mauritius","Republic of Mauritius","Mauritius","MUS","MUS","MUS","Seven seas (open ocean)","Africa","Eastern Africa","Sub-Saharan Africa"
"161","Malawi","MWI","Malawi","MWI","Malawi","MWI","Malawi","MWI","Malawi","Malawi","MWI","Malawi","Republic of Malawi","Malawi","MWI","MWI","MWI","Africa","Africa","Eastern Africa","Sub-Saharan Africa"
"162","Malaysia","MYS","Malaysia","MYS","Malaysia","MYS","Malaysia","MYS","Malaysia","Malaysia","MYS","Malaysia","Malaysia","Malaysia","MYS","MYS","MYS","Asia","Asia","South-Eastern Asia","East Asia & Pacific"
"163","France","FR1","France","FRA","Mayotte","MYT","Mayotte","MYT","Mayotte","Mayotte","B22","Mayotte","Territorial Collectivity of Mayotte","Mayotte","MYT","MYT","FRA","Africa","Africa","Eastern Africa","Sub-Saharan Africa"
"164","Namibia","NAM","Namibia","NAM","Namibia","NAM","Namibia","NAM","Namibia","Namibia","NAM","Namibia","Republic of Namibia","Namibia","NAM","NAM","NAM","Africa","Africa","Southern Africa","Sub-Saharan Africa"
"165","France","FR1","New Caledonia","NCL","New Caledonia","NCL","New Caledonia","NCL","New Caledonia","New Caledonia","NCL","New Caledonia","New Caledonia","New Caledonia","NCL","NCL","NCL","Oceania","Oceania","Melanesia","East Asia & Pacific"
"166","Niger","NER","Niger","NER","Niger","NER","Niger","NER","Niger","Niger","NER","Niger","Republic of Niger","Niger","NER","NER","NER","Africa","Africa","Western Africa","Sub-Saharan Africa"
"167","Australia","AU1","Norfolk Island","NFK","Norfolk Island","NFK","Norfolk Island","NFK","Norfolk Island","Norfolk Island","NFK","Norfolk Island","Territory of Norfolk Island","Norfolk Island","NFK","NFK","NFK","Oceania","Oceania","Australia and New Zealand","East Asia & Pacific"
"168","Nigeria","NGA","Nigeria","NGA","Nigeria","NGA","Nigeria","NGA","Nigeria","Nigeria","NGA","Nigeria","Federal Republic of Nigeria","Nigeria","NGA","NGA","NGA","Africa","Africa","Western Africa","Sub-Saharan Africa"
"169","Nicaragua","NIC","Nicaragua","NIC","Nicaragua","NIC","Nicaragua","NIC","Nicaragua","Nicaragua","NIC","Nicaragua","Republic of Nicaragua","Nicaragua","NIC","NIC","NIC","North America","Americas","Central America","Latin America & Caribbean"
"170","United Kingdom","GB1","United Kingdom","GBR","Northern Ireland","NIR","Northern Ireland","NIR","N. Ireland","Northern Ireland","NIR","N. Ireland",NA,"Northern Ireland",NA,NA,"GBR","Europe","Europe","Northern Europe","Europe & Central Asia"
"171","New Zealand","NZ1","Niue","NIU","Niue","NIU","Niue","NIU","Niue","Niue","NIU","Niue",NA,"Niue","NIU","NIU","NIU","Oceania","Oceania","Polynesia","East Asia & Pacific"
"172","Norway","NOR","Norway","NOR","Jan Mayen","NJM","Jan Mayen","NJM","Jan Mayen I.","Jan Mayen Island","NJM","Jan Mayen",NA,"Jan Mayen I.",NA,"SJM","NOR","Europe","Europe","Northern Europe","Europe & Central Asia"
"173","Netherlands","NL1","Netherlands","NLD","Netherlands","NLD","Netherlands","NLD","Netherlands","Netherlands","NLD","Netherlands","Kingdom of the Netherlands","Netherlands","NLD","NLD","NLD","Europe","Europe","Western Europe","Europe & Central Asia"
"174","Netherlands","NL1","Netherlands","NLD","Caribbean Netherlands","NLY","Caribbean Netherlands","NLY","Caribbean Netherlands","Caribbean Netherlands","NLY","Caribbean Netherlands","Bonaire, Sint Eustatius, and Saba","Caribbean Netherlands","BES","BES","NLD","North America","Americas","Caribbean","Latin America & Caribbean"
"175","Norway","NOR","Norway","NOR","Norway","NOR","Norway","NOR","Norway","Norway","NOR","Norway","Kingdom of Norway","Norway","NOR","NOR","NOR","Europe","Europe","Northern Europe","Europe & Central Asia"
"176","Nepal","NPL","Nepal","NPL","Nepal","NPL","Nepal","NPL","Nepal","Nepal","NPL","Nepal","Nepal","Nepal","NPL","NPL","NPL","Asia","Asia","Southern Asia","South Asia"
"177","Nauru","NRU","Nauru","NRU","Nauru","NRU","Nauru","NRU","Nauru","Nauru","NRU","Nauru","Republic of Nauru","Nauru","NRU","NRU","NRU","Oceania","Oceania","Micronesia","East Asia & Pacific"
"178","Norway","NOR","Norway","NOR","Svalbard","NSV","Svalbard","NSV","Svalbard Is.","Svalbard Islands","NSV","Svalbard",NA,"Svalbard Is.","SJM","SJM","NOR","Europe","Europe","Northern Europe","Europe & Central Asia"
"179","New Zealand","NZ1","New Zealand","NZL","New Zealand","NZL","New Zealand","NZL","New Zealand","New Zealand","NZL","New Zealand","New Zealand","New Zealand","NZL","NZL","NZL","Oceania","Oceania","Australia and New Zealand","East Asia & Pacific"
"180","Oman","OMN","Oman","OMN","Oman","OMN","Oman","OMN","Oman","Oman","OMN","Oman","Sultanate of Oman","Oman","OMN","OMN","OMN","Asia","Asia","Western Asia","Middle East & North Africa"
"181","Pakistan","PAK","Pakistan","PAK","Pakistan","PAK","Pakistan","PAK","Pakistan","Pakistan","PAK","Pakistan","Islamic Republic of Pakistan","Pakistan","PAK","PAK","PAK","Asia","Asia","Southern Asia","South Asia"
"182","Panama","PAN","Panama","PAN","Panama","PAN","Panama","PAN","Panama","Panama","PAN","Panama","Republic of Panama","Panama","PAN","PAN","PAN","North America","Americas","Central America","Latin America & Caribbean"
"183","Portugal","PRT","Portugal","PRT","Azores","PAZ","Azores","PAZ","Azores","Azores","PAZ","Azores",NA,"Azores",NA,NA,"PRT","Seven seas (open ocean)","Europe","Southern Europe","Europe & Central Asia"
"184","United Kingdom","GB1","Pitcairn Islands","PCN","Pitcairn Islands","PCN","Pitcairn Islands","PCN","Pitcairn Is.","Pitcairn Islands","PCN","Pitcairn Is.","Pitcairn, Henderson, Ducie and Oeno Islands","Pitcairn Islands","PCN","PCN","PCN","Oceania","Oceania","Polynesia","East Asia & Pacific"
"185","Peru","PER","Peru","PER","Peru","PER","Peru","PER","Peru","Peru","PER","Peru","Republic of Peru","Peru","PER","PER","PER","South America","Americas","South America","Latin America & Caribbean"
"186","Philippines","PHL","Philippines","PHL","Philippines","PHL","Philippines","PHL","Philippines","Philippines","PHL","Philippines","Republic of the Philippines","Philippines","PHL","PHL","PHL","Asia","Asia","South-Eastern Asia","East Asia & Pacific"
"187","Palau","PLW","Palau","PLW","Palau","PLW","Palau","PLW","Palau","Palau","PLW","Palau","Republic of Palau","Palau","PLW","PLW","PLW","Oceania","Oceania","Micronesia","East Asia & Pacific"
"188","Portugal","PRT","Portugal","PRT","Madeira","PMD","Madeira","PMD","Madeira","Madeira","PMD","Madeira",NA,"Madeira",NA,NA,"PRT","Africa","Europe","Southern Europe","Europe & Central Asia"
"189","Papua New Guinea","PNG","Papua New Guinea","PNG","Bougainville","PNB","Bougainville","PNB","Bougainville","Bougainville","PNB","Bougainville","Autonomous Region of Bougainville","Bougainville",NA,"PNG","PNG","Oceania","Oceania","Melanesia","East Asia & Pacific"
"190","Papua New Guinea","PNG","Papua New Guinea","PNG","Papua New Guinea","PNX","Papua New Guinea","PNX","Papua New Guinea","Papua New Guinea","PNX","Papua New Guinea","Papua New Guinea","Papua New Guinea",NA,"PNG","PNG","Oceania","Oceania","Melanesia","East Asia & Pacific"
"191","Poland","POL","Poland","POL","Poland","POL","Poland","POL","Poland","Poland","POL","Poland","Republic of Poland","Poland","POL","POL","POL","Europe","Europe","Eastern Europe","Europe & Central Asia"
"192","United States of America","US1","Puerto Rico","PRI","Puerto Rico","PRI","Puerto Rico","PRI","Puerto Rico","Puerto Rico","PRI","Puerto Rico","Commonwealth of Puerto Rico","Puerto Rico","PRI","PRI","PRI","North America","Americas","Caribbean","Latin America & Caribbean"
"193","North Korea","PRK","North Korea","PRK","North Korea","PRK","North Korea","PRK","Dem. Rep. Korea","Dem. Rep. Korea","PRK","Dem. Rep. Korea","Democratic People's Republic of Korea","Korea, Dem. Rep.","PRK","PRK","PRK","Asia","Asia","Eastern Asia","East Asia & Pacific"
"194","Portugal","PRT","Portugal","PRT","Portugal","PRX","Portugal","PRX","Portugal","Portugal","PRX","Portugal","Portuguese Republic","Portugal",NA,"PRT","PRT","Europe","Europe","Southern Europe","Europe & Central Asia"
"195","Paraguay","PRY","Paraguay","PRY","Paraguay","PRY","Paraguay","PRY","Paraguay","Paraguay","PRY","Paraguay","Republic of Paraguay","Paraguay","PRY","PRY","PRY","South America","Americas","South America","Latin America & Caribbean"
"196","France","FR1","French Polynesia","PYF","French Polynesia","PYF","French Polynesia","PYF","Fr. Polynesia","French Polynesia","PYF","Fr. Polynesia","French Polynesia","French Polynesia","PYF","PYF","PYF","Oceania","Oceania","Polynesia","East Asia & Pacific"
"197","Qatar","QAT","Qatar","QAT","Qatar","QAT","Qatar","QAT","Qatar","Qatar","QAT","Qatar","State of Qatar","Qatar","QAT","QAT","QAT","Asia","Asia","Western Asia","Middle East & North Africa"
"198","France","FR1","France","FRA","Reunion","REU","Reunion","REU","Reunion","Reunion","REU","Reunion","Department of Reunion","Reunion","REU","REU","FRA","Seven seas (open ocean)","Africa","Eastern Africa","Sub-Saharan Africa"
"199","Romania","ROU","Romania","ROU","Romania","ROU","Romania","ROU","Romania","Romania","ROU","Romania","Romania","Romania","ROU","ROU","ROU","Europe","Europe","Eastern Europe","Europe & Central Asia"
"200","Russia","RUS","Russia","RUS","Russia","RUS","Russia","RUS","Russia","Russian Federation","RUS","Russia","Russian Federation","Russian Federation","RUS","RUS","RUS","Europe","Europe","Eastern Europe","Europe & Central Asia"
"201","Rwanda","RWA","Rwanda","RWA","Rwanda","RWA","Rwanda","RWA","Rwanda","Rwanda","RWA","Rwanda","Republic of Rwanda","Rwanda","RWA","RWA","RWA","Africa","Africa","Eastern Africa","Sub-Saharan Africa"
"202","Western Sahara","SAH","Western Sahara","SAH","Western Sahara","SAH","Western Sahara","SAH","W. Sahara","Western Sahara","B28","W. Sahara","Sahrawi Arab Democratic Republic","Western Sahara","ESH","MAR","SAH","Africa","Africa","Northern Africa","Middle East & North Africa"
"203","Saudi Arabia","SAU","Saudi Arabia","SAU","Saudi Arabia","SAU","Saudi Arabia","SAU","Saudi Arabia","Saudi Arabia","SAU","Saudi Arabia","Kingdom of Saudi Arabia","Saudi Arabia","SAU","SAU","SAU","Asia","Asia","Western Asia","Middle East & North Africa"
"204","United Kingdom","GB1","United Kingdom","GBR","Scotland","SCT","Scotland","SCT","Scotland","Scotland","SCT","Scotland",NA,"Scotland",NA,NA,"GBR","Europe","Europe","Northern Europe","Europe & Central Asia"
"205","Sudan","SDN","Sudan","SDN","Sudan","SDN","Sudan","SDN","Sudan","Sudan","SDN","Sudan","Republic of the Sudan","Sudan","SDN","SDN","SDN","Africa","Africa","Northern Africa","Sub-Saharan Africa"
"206","South Sudan","SDS","South Sudan","SDS","South Sudan","SDS","South Sudan","SDS","S. Sudan","South Sudan","SDS","S. Sudan","Republic of South Sudan","South Sudan","SSD","SSD","SDS","Africa","Africa","Eastern Africa","Sub-Saharan Africa"
"207","Senegal","SEN","Senegal","SEN","Senegal","SEN","Senegal","SEN","Senegal","Senegal","SEN","Senegal","Republic of Senegal","Senegal","SEN","SEN","SEN","Africa","Africa","Western Africa","Sub-Saharan Africa"
"208","Singapore","SGP","Singapore","SGP","Singapore","SGP","Singapore","SGP","Singapore","Singapore","SGP","Singapore","Republic of Singapore","Singapore","SGP","SGP","SGP","Asia","Asia","South-Eastern Asia","East Asia & Pacific"
"209","United Kingdom","GB1","South Georgia and South Sandwich Islands","SGS","South Georgia and South Sandwich Islands","SGS","South Georgia and South Sandwich Islands","SGS","S. Geo. and S. Sandw. Is.","South Georgia and South Sandwich Islands","SGS","S. Geo. and S. Sandw. Is.","South Georgia and South Sandwich Islands","South Georgia and the Islands","SGS","SGS","SGS","Seven seas (open ocean)","Seven seas (open ocean)","Seven seas (open ocean)","Antarctica"
"210","United Kingdom","GB1","Saint Helena","SHN","Saint Helena","SHN","Saint Helena","SHN","Saint Helena","Saint Helena","SHN","Saint Helena",NA,"St. Helena","SHN","SHN","SHN","Seven seas (open ocean)","Africa","Western Africa","Sub-Saharan Africa"
"211","Solomon Islands","SLB","Solomon Islands","SLB","Solomon Islands","SLB","Solomon Islands","SLB","Solomon Is.","Solomon Islands","SLB","Solomon Is.",NA,"Solomon Islands","SLB","SLB","SLB","Oceania","Oceania","Melanesia","East Asia & Pacific"
"212","Sierra Leone","SLE","Sierra Leone","SLE","Sierra Leone","SLE","Sierra Leone","SLE","Sierra Leone","Sierra Leone","SLE","Sierra Leone","Republic of Sierra Leone","Sierra Leone","SLE","SLE","SLE","Africa","Africa","Western Africa","Sub-Saharan Africa"
"213","El Salvador","SLV","El Salvador","SLV","El Salvador","SLV","El Salvador","SLV","El Salvador","El Salvador","SLV","El Salvador","Republic of El Salvador","El Salvador","SLV","SLV","SLV","North America","Americas","Central America","Latin America & Caribbean"
"214","San Marino","SMR","San Marino","SMR","San Marino","SMR","San Marino","SMR","San Marino","San Marino","SMR","San Marino","Republic of San Marino","San Marino","SMR","SMR","SMR","Europe","Europe","Southern Europe","Europe & Central Asia"
"215","Somaliland","SOL","Somaliland","SOL","Somaliland","SOL","Somaliland","SOL","Somaliland","Somaliland","B30","Somaliland","Republic of Somaliland","Somaliland",NA,"SOM","SOM","Africa","Africa","Eastern Africa","Sub-Saharan Africa"
"216","Somalia","SOM","Somalia","SOM","Somalia","SOM","Somalia","SOM","Somalia","Somalia","SOM","Somalia","Federal Republic of Somalia","Somalia","SOM","SOM","SOM","Africa","Africa","Eastern Africa","Sub-Saharan Africa"
"217","France","FR1","Saint Pierre and Miquelon","SPM","Saint Pierre and Miquelon","SPM","Saint Pierre and Miquelon","SPM","St. Pierre and Miquelon","Saint Pierre and Miquelon","SPM","St. Pierre and Miquelon","Saint Pierre and Miquelon","St. Pierre and Miquelon","SPM","SPM","SPM","North America","Americas","Northern America","North America"
"218","Republic of Serbia","SRB","Republic of Serbia","SRB","Serbia","SRS","Serbia","SRS","Serbia","Serbia","SRS","Serbia",NA,"Serbia",NA,"SRB","SRB","Europe","Europe","Southern Europe","Europe & Central Asia"
"219","Republic of Serbia","SRB","Republic of Serbia","SRB","Vojvodina","SRV","Vojvodina","SRV","Vojvodina","Vojvodina","SRV","Vojvodina",NA,"Vojvodina",NA,"SRB","SRB","Europe","Europe","Southern Europe","Europe & Central Asia"
"220","Sao Tome and Principe","STP","Sao Tome and Principe","STP","Sao Tome and Principe","STP","Sao Tome and Principe","STP","São Tomé and Principe","São Tomé and Principe","STP","Sao Tome and Principe","Democratic Republic of São Tomé and Principe","São Tomé and Principe","STP","STP","STP","Africa","Africa","Middle Africa","Sub-Saharan Africa"
"221","Suriname","SUR","Suriname","SUR","Suriname","SUR","Suriname","SUR","Suriname","Suriname","SUR","Suriname","Republic of Suriname","Suriname","SUR","SUR","SUR","South America","Americas","South America","Latin America & Caribbean"
"222","Slovakia","SVK","Slovakia","SVK","Slovakia","SVK","Slovakia","SVK","Slovakia","Slovakia","SVK","Slovakia","Slovak Republic","Slovak Republic","SVK","SVK","SVK","Europe","Europe","Eastern Europe","Europe & Central Asia"
"223","Slovenia","SVN","Slovenia","SVN","Slovenia","SVN","Slovenia","SVN","Slovenia","Slovenia","SVN","Slovenia","Republic of Slovenia","Slovenia","SVN","SVN","SVN","Europe","Europe","Southern Europe","Europe & Central Asia"
"224","Sweden","SWE","Sweden","SWE","Sweden","SWE","Sweden","SWE","Sweden","Sweden","SWE","Sweden","Kingdom of Sweden","Sweden","SWE","SWE","SWE","Europe","Europe","Northern Europe","Europe & Central Asia"
"225","Swaziland","SWZ","Swaziland","SWZ","Swaziland","SWZ","Swaziland","SWZ","Swaziland","Swaziland","SWZ","Swaziland","Kingdom of Swaziland","Swaziland","SWZ","SWZ","SWZ","Africa","Africa","Southern Africa","Sub-Saharan Africa"
"226","Netherlands","NL1","Sint Maarten","SXM","Sint Maarten","SXM","Sint Maarten","SXM","Sint Maarten","Sint Maarten","SXM","Sint Maarten","Sint Maarten (Dutch part)","St. Maarten (Dutch part)","SXM","SXM","SXM","North America","Americas","Caribbean","Latin America & Caribbean"
"227","Seychelles","SYC","Seychelles","SYC","Seychelles","SYC","Seychelles","SYC","Seychelles","Seychelles","SYC","Seychelles","Republic of Seychelles","Seychelles","SYC","SYC","SYC","Seven seas (open ocean)","Africa","Eastern Africa","Sub-Saharan Africa"
"228","Syria","SYR","Syria","SYR","Syria","SYR","Syria","SYR","Syria","Syria","SYR","Syria","Syrian Arab Republic","Syrian Arab Republic","SYR","SYR","SYR","Asia","Asia","Western Asia","Middle East & North Africa"
"229","United Kingdom","GB1","Turks and Caicos Islands","TCA","Turks and Caicos Islands","TCA","Turks and Caicos Islands","TCA","Turks and Caicos Is.","Turks and Caicos Islands","TCA","Turks and Caicos Is.","Turks and Caicos Islands","Turks and Caicos Islands","TCA","TCA","TCA","North America","Americas","Caribbean","Latin America & Caribbean"
"230","Chad","TCD","Chad","TCD","Chad","TCD","Chad","TCD","Chad","Chad","TCD","Chad","Republic of Chad","Chad","TCD","TCD","TCD","Africa","Africa","Middle Africa","Sub-Saharan Africa"
"231","Togo","TGO","Togo","TGO","Togo","TGO","Togo","TGO","Togo","Togo","TGO","Togo","Togolese Republic","Togo","TGO","TGO","TGO","Africa","Africa","Western Africa","Sub-Saharan Africa"
"232","Thailand","THA","Thailand","THA","Thailand","THA","Thailand","THA","Thailand","Thailand","THA","Thailand","Kingdom of Thailand","Thailand","THA","THA","THA","Asia","Asia","South-Eastern Asia","East Asia & Pacific"
"233","Tajikistan","TJK","Tajikistan","TJK","Tajikistan","TJK","Tajikistan","TJK","Tajikistan","Tajikistan","TJK","Tajikistan","Republic of Tajikistan","Tajikistan","TJK","TJK","TJK","Asia","Asia","Central Asia","Europe & Central Asia"
"234","New Zealand","NZ1","New Zealand","NZL","Tokelau","TKL","Tokelau","TKL","Tokelau","Tokelau","TKL","Tokelau",NA,"Tokelau","TKL","TKL","NZL","Oceania","Oceania","Polynesia","East Asia & Pacific"
"235","Turkmenistan","TKM","Turkmenistan","TKM","Turkmenistan","TKM","Turkmenistan","TKM","Turkmenistan","Turkmenistan","TKM","Turkmenistan","Turkmenistan","Turkmenistan","TKM","TKM","TKM","Asia","Asia","Central Asia","Europe & Central Asia"
"236","East Timor","TLS","East Timor","TLS","East Timor","TLS","East Timor","TLS","Timor-Leste","Timor-Leste","TLS","Timor-Leste","Democratic Republic of Timor-Leste","Timor-Leste","TLS","TLS","TLS","Asia","Asia","South-Eastern Asia","East Asia & Pacific"
"237","Tonga","TON","Tonga","TON","Tonga","TON","Tonga","TON","Tonga","Tonga","TON","Tonga","Kingdom of Tonga","Tonga","TON","TON","TON","Oceania","Oceania","Polynesia","East Asia & Pacific"
"238","Trinidad and Tobago","TTO","Trinidad and Tobago","TTO","Trinidad and Tobago","TTO","Trinidad and Tobago","TTO","Trinidad and Tobago","Trinidad and Tobago","TTO","Trinidad and Tobago","Republic of Trinidad and Tobago","Trinidad and Tobago","TTO","TTO","TTO","North America","Americas","Caribbean","Latin America & Caribbean"
"239","Tunisia","TUN","Tunisia","TUN","Tunisia","TUN","Tunisia","TUN","Tunisia","Tunisia","TUN","Tunisia","Republic of Tunisia","Tunisia","TUN","TUN","TUN","Africa","Africa","Northern Africa","Middle East & North Africa"
"240","Turkey","TUR","Turkey","TUR","Turkey","TUR","Turkey","TUR","Turkey","Turkey","TUR","Turkey","Republic of Turkey","Turkey","TUR","TUR","TUR","Asia","Asia","Western Asia","Europe & Central Asia"
"241","Taiwan","TWN","Taiwan","TWN","Taiwan","TWN","Taiwan","TWN","Taiwan","Taiwan","B77","Taiwan",NA,"Taiwan","TWN","TWN","TWN","Asia","Asia","Eastern Asia","East Asia & Pacific"
"242","United Republic of Tanzania","TZA","United Republic of Tanzania","TZA","Tanzania","TZA","Tanzania","TZA","Tanzania","Tanzania","TZA","Tanzania","United Republic of Tanzania","Tanzania","TZA","TZA","TZA","Africa","Africa","Eastern Africa","Sub-Saharan Africa"
"243","United Republic of Tanzania","TZA","United Republic of Tanzania","TZA","Zanzibar","TZZ","Zanzibar","TZZ","Zanzibar","Zanzibar","TZZ","Zanzibar",NA,"Zanzibar",NA,"TZA","TZA","Africa","Africa","Eastern Africa","Sub-Saharan Africa"
"244","Uganda","UGA","Uganda","UGA","Uganda","UGA","Uganda","UGA","Uganda","Uganda","UGA","Uganda","Republic of Uganda","Uganda","UGA","UGA","UGA","Africa","Africa","Eastern Africa","Sub-Saharan Africa"
"245","Ukraine","UKR","Ukraine","UKR","Ukraine","UKR","Ukraine","UKR","Ukraine","Ukraine","UKR","Ukraine","Ukraine","Ukraine","UKR","UKR","UKR","Europe","Europe","Eastern Europe","Europe & Central Asia"
"246","Uruguay","URY","Uruguay","URY","Uruguay","URY","Uruguay","URY","Uruguay","Uruguay","URY","Uruguay","Oriental Republic of Uruguay","Uruguay","URY","URY","URY","South America","Americas","South America","Latin America & Caribbean"
"247","United States of America","US1","United States of America","USA","United States of America","USA","United States of America","USA","United States","United States","USA","United States","United States of America","United States of America","USA","USA","USA","North America","Americas","Northern America","North America"
"248","Uzbekistan","UZB","Uzbekistan","UZB","Uzbekistan","UZB","Uzbekistan","UZB","Uzbekistan","Uzbekistan","UZB","Uzbekistan","Republic of Uzbekistan","Uzbekistan","UZB","UZB","UZB","Asia","Asia","Central Asia","Europe & Central Asia"
"249","Vatican","VAT","Vatican","VAT","Vatican","VAT","Vatican","VAT","Vatican","Vatican","VAT","Vatican","State of the Vatican City","Vatican (Holy Sea)","VAT","VAT","VAT","Europe","Europe","Southern Europe","Europe & Central Asia"
"250","Saint Vincent and the Grenadines","VCT","Saint Vincent and the Grenadines","VCT","Saint Vincent and the Grenadines","VCT","Saint Vincent and the Grenadines","VCT","St. Vin. and Gren.","Saint Vincent and the Grenadines","VCT","St. Vin. and Gren.","Saint Vincent and the Grenadines","St. Vincent and the Grenadines","VCT","VCT","VCT","North America","Americas","Caribbean","Latin America & Caribbean"
"251","Venezuela","VEN","Venezuela","VEN","Venezuela","VEN","Venezuela","VEN","Venezuela","Venezuela","VEN","Venezuela","Bolivarian Republic of Venezuela","Venezuela, RB","VEN","VEN","VEN","South America","Americas","South America","Latin America & Caribbean"
"252","United Kingdom","GB1","British Virgin Islands","VGB","British Virgin Islands","VGB","British Virgin Islands","VGB","British Virgin Is.","British Virgin Islands","VGB","British Virgin Is.","British Virgin Islands","British Virgin Islands","VGB","VGB","VGB","North America","Americas","Caribbean","Latin America & Caribbean"
"253","United States of America","US1","United States Virgin Islands","VIR","United States Virgin Islands","VIR","United States Virgin Islands","VIR","U.S. Virgin Is.","United States Virgin Islands","VIR","U.S. Virgin Is.","Virgin Islands of the United States","Virgin Islands (U.S.)","VIR","VIR","VIR","North America","Americas","Caribbean","Latin America & Caribbean"
"254","Vietnam","VNM","Vietnam","VNM","Vietnam","VNM","Vietnam","VNM","Vietnam","Vietnam","VNM","Vietnam","Socialist Republic of Vietnam","Vietnam","VNM","VNM","VNM","Asia","Asia","South-Eastern Asia","East Asia & Pacific"
"255","Vanuatu","VUT","Vanuatu","VUT","Vanuatu","VUT","Vanuatu","VUT","Vanuatu","Vanuatu","VUT","Vanuatu","Republic of Vanuatu","Vanuatu","VUT","VUT","VUT","Oceania","Oceania","Melanesia","East Asia & Pacific"
"256","Israel","ISR","Palestine","PSX","West Bank","WEB","West Bank","WEB","West Bank","West Bank","B54","West Bank","West Bank","West Bank",NA,"PSE","PSX","Asia","Asia","Western Asia","Middle East & North Africa"
"257","France","FR1","Wallis and Futuna","WLF","Wallis and Futuna","WLF","Wallis and Futuna","WLF","Wallis and Futuna Is.","Wallis and Futuna Islands","WLF","Wallis and Futuna Islands","Wallis and Futuna Islands","Wallis and Futuna","WLF","WLF","WLF","Oceania","Oceania","Polynesia","East Asia & Pacific"
"258","United Kingdom","GB1","United Kingdom","GBR","Wales","WLS","Wales","WLS","Wales","Wales","WLS","Wales",NA,"Wales",NA,NA,"GBR","Europe","Europe","Northern Europe","Europe & Central Asia"
"259","Samoa","WSM","Samoa","WSM","Samoa","WSM","Samoa","WSM","Samoa","Samoa","WSM","Samoa","Independent State of Samoa","Samoa","WSM","WSM","WSM","Oceania","Oceania","Polynesia","East Asia & Pacific"
"260","Yemen","YEM","Yemen","YEM","Yemen","YEM","Yemen","YEM","Yemen","Yemen","YEM","Yemen","Republic of Yemen","Yemen, Rep.","YEM","YEM","YEM","Asia","Asia","Western Asia","Middle East & North Africa"
"261","South Africa","ZAF","South Africa","ZAF","South Africa","ZAF","South Africa","ZAF","South Africa","South Africa","ZAF","South Africa","Republic of South Africa","South Africa","ZAF","ZAF","ZAF","Africa","Africa","Southern Africa","Sub-Saharan Africa"
"262","Zambia","ZMB","Zambia","ZMB","Zambia","ZMB","Zambia","ZMB","Zambia","Zambia","ZMB","Zambia","Republic of Zambia","Zambia","ZMB","ZMB","ZMB","Africa","Africa","Eastern Africa","Sub-Saharan Africa"
"263","Zimbabwe","ZWE","Zimbabwe","ZWE","Zimbabwe","ZWE","Zimbabwe","ZWE","Zimbabwe","Zimbabwe","ZWE","Zimbabwe","Republic of Zimbabwe","Zimbabwe","ZWE","ZWE","ZWE","Africa","Africa","Eastern Africa","Sub-Saharan Africa"
